	0	1
0	Nc1nc(NC2CC2)c2ncn([C@H]3C=C[C@@H](CO)C3)c2n1	0
1	COCc1c(C(=O)OC(C)C)ncc2[nH]c3ccc(OCc4ccccc4)cc3c12	0
2	C[C@]12CC[C@H](O)CC1=CC[C@@H]1[C@@H]2CC[C@]2(C)C(c3cccnc3)=CC[C@@H]12	0
3	CCCC(=O)Nc1ccc(OC[C@@H](O)CNC(C)C)c(C(C)=O)c1	0
4	O=C(O)COC(=O)Cc1ccccc1Nc1c(Cl)cccc1Cl	0
5	CC(=O)C[C@@H](c1ccc([N+](=O)[O-])cc1)c1c(O)c2ccccc2oc1=O	0
6	CC(=O)Oc1ccccc1C(=O)O	0
7	CC(=O)Nc1ccc(O)cc1	1
8	CC(=O)Nc1ccccc1	0
9	CC(=O)Nc1nnc(S(N)(=O)=O)s1	0
10	CC(C)=O	0
11	CN(C)Cc1nnc2n1-c1ccc(Cl)cc1C(c1ccccc1)=NC2	0
12	CCCSc1ccc2nc(NC(=O)OC)[nH]c2c1	1
13	CC(C)(C)NC[C@@H](O)c1ccc(O)c(CO)c1	0
14	CCC(=O)N(c1ccccc1)C1(COC)CCN(CCn2nnn(CC)c2=O)CC1	0
15	CN(C)CCc1c[nH]c2ccc(CS(=O)(=O)N3CCCC3)cc12	1
16	Cc1[nH]cnc1CN1CCc2c(c3ccccc3n2C)C1=O	0
17	CCCN(CCC)C(=O)Cc1c(-c2ccc(Cl)cc2)nc2ccc(Cl)cn12	0
18	Cc1nnc2n1-c1ccc(Cl)cc1C(c1ccccc1)=NC2	0
19	C=CCc1ccccc1OC[C@@H](O)CNC(C)C	1
20	Nc1c(Br)cc(Br)cc1CNC1CCC(O)CC1	0
21	CC[C@]1(c2ccc(N)cc2)CCC(=O)NC1=O	0
22	Cc1cc(N(C)C)ccc1C[C@H](C)N	1
23	CNn1cc(C(=O)O)c(=O)c2cc(F)c(N3CCN(C)CC3)cc21	0
24	CCCCc1oc2ccccc2c1C(=O)c1cc(I)c(OCCN(CC)CC)c(I)c1	1
25	Cc1c(N(C)C)c(=O)n(-c2ccccc2)n1C	1
26	CN(C)CCC=C1c2ccccc2CCc2ccccc21	1
27	CCOC(=O)C1=C(COCCN)NC(C)=C(C(=O)OC)[C@@H]1c1ccccc1Cl	0
28	CCN(CC)Cc1cc(Nc2ccnc3cc(Cl)ccc23)ccc1O	1
29	Clc1ccc2c(c1)C(N1CCNCC1)=Nc1ccccc1O2	1
30	C[C@H](N)Cc1ccccc1	1
31	CC(C)CN(C[C@@H](O)[C@H](Cc1ccccc1)NC(=O)O[C@H]1CCOC1)S(=O)(=O)c1ccc(N)cc1	1
32	CC(C)(C#N)c1cc(Cn2cncn2)cc(C(C)(C)C#N)c1	0
33	Nc1ccccc1	0
34	O=C1c2ccccc2C(=O)c2ccccc21	0
35	Cc1cc(=O)n(-c2ccccc2)n1C	0
36	CCC[C@H]1C(=O)N2C(N(C)C)=Nc3ccc(C)cc3N2C1=O	0
37	CN1CCc2cccc3c2[C@@H]1Cc1ccc(O)c(O)c1-3	0
38	C[C@@H](O[C@H]1OCCN(Cc2n[nH]c(=O)[nH]2)[C@H]1c1ccc(F)cc1)c1cc(C(F)(F)F)cc(C(F)(F)F)c1	0
39	CCN(CC)CCCN(c1ccccc1)C1Cc2ccccc2C1	1
40	COC(=O)C1=C(C)NC(C)=C(C(=O)OCC(C)=O)[C@@H]1c1ccccc1[N+](=O)[O-]	0
41	C[C@H]1CNc2ccc(S(=O)(=O)N[C@@H](CCCN=C(N)N)C(=O)N3CC[C@H](C)C[C@@H]3C(=O)O)cc2C1	0
42	O=C1CCc2ccc(OCCCCN3CCN(c4cccc(Cl)c4Cl)CC3)cc2N1	1
43	C[C@@H]1CC[C@H]2[C@@H](C)C(=O)O[C@@H]3O[C@@]4(C)CC[C@@H]1[C@]32OO4	1
44	C[C@H]1[C@@H](OC(=O)CCC(=O)O)O[C@@H]2O[C@@]3(C)CC[C@H]4[C@H](C)CC[C@@H]1[C@@]24OO3	0
45	COc1ccc(CCN2CCC(Nc3nc4ccccc4n3Cc3ccc(F)cc3)CC2)cc1	1
46	CC1=CC(=O)C=C2CC[C@@H]3[C@H](CC[C@]4(C)C(=O)CC[C@@H]34)[C@@]12C	0
47	COC(=O)N[C@H](C(=O)N[C@@H](Cc1ccccc1)[C@H](O)CN(Cc1ccc(-c2ccccn2)cc1)NC(=O)[C@H](NC(=O)OC)C(C)(C)C)C(C)(C)C	0
48	CC(C)c1c(C(=O)Nc2ccccc2)c(-c2ccccc2)c(-c2ccc(F)cc2)n1CC[C@@H](O)C[C@@H](O)CC(=O)O	0
49	O=C1C(=O)c2ccccc2C(O)=C1C1CCC(c2ccc(Cl)cc2)CC1	0
50	CC(C)c1cc(C(C)C)c(CC(=O)NS(=O)(=O)Oc2c(C(C)C)cccc2C(C)C)c(C(C)C)c1	0
51	CNS(=O)(=O)Cc1ccc2[nH]cc(CCCN3CCN(c4ncncc4OC)CC3)c2c1	1
52	OC(c1ccccc1)(c1ccccc1)C1CCNCC1	0
53	CC[C@]1(C)C[C@@H](OC(=O)CSc2n[nH]c(N)n2)[C@@]2(C)[C@@H]3C(=O)CC[C@@]3(CC[C@@H]2C)[C@@H](C)[C@@H]1O	0
54	CN1CCC(=C2c3ccccc3CCc3cccnc32)CC1	0
55	CN1CCC[C@H](n2nc(Cc3ccc(Cl)cc3)c3ccccc3c2=O)CC1	1
56	CN1CCN(CCCCN2C(=O)CN(/N=C\c3ccc(-c4ccc(Cl)cc4)o3)C2=O)CC1	0
57	CC[C@H]1OC(=O)[C@H](C)[C@@H](O[C@H]2C[C@@](C)(OC)[C@@H](O)[C@H](C)O2)[C@H](C)[C@@H](O[C@@H]2O[C@H](C)C[C@H](N(C)C)[C@H]2O)[C@](C)(O)C[C@@H](C)CN(C)[C@H](C)[C@@H](O)[C@]1(C)O	0
58	COC(=O)C1=C(C)NC(C)=C(C(=O)O[C@H]2CCN(Cc3ccccc3)C2)[C@H]1c1cccc([N+](=O)[O-])c1	0
59	C[C@H]1C[C@H]2[C@@H]3CCC4=CC(=O)C=C[C@]4(C)[C@@]3(Cl)[C@@H](O)C[C@]2(C)[C@@]1(O)C(=O)CO	0
60	COC(=O)C1=C(C)NC(C)=C(C(=O)O[C@@H]2CCCN(Cc3ccccc3)C2)[C@@H]1c1cccc([N+](=O)[O-])c1	0
61	c1ccccc1	0
62	C[C@@H](Cc1ccccc1)N(C)Cc1ccccc1	0
63	CN(C)CCCOc1nn(Cc2ccccc2)c2ccccc12	1
64	CC(C)COC[C@@H](CN(Cc1ccccc1)c1ccccc1)N1CCCC1	0
65	C[C@H]1C[C@H]2[C@@H]3CCC4=CC(=O)C=C[C@]4(C)[C@@]3(F)[C@@H](O)C[C@]2(C)[C@@]1(O)C(=O)CO	0
66	CC(C)NC[C@H](O)COc1ccc(CCOCC2CC2)cc1	1
67	C=C(c1ccc(C(=O)O)cc1)c1cc2c(cc1C)C(C)(C)CCC2(C)C	0
68	CC(C)(Oc1ccc(CCNC(=O)c2ccc(Cl)cc2)cc1)C(=O)O	0
69	CC[C@@H](c1ccc(O)c(F)c1)[C@H](C)c1ccc(O)c(F)c1	0
70	c1ccc(-c2ccc([C@@H](c3ccccc3)n3ccnc3)cc2)cc1	0
71	O[C@@](CCN1CCCCC1)(c1ccccc1)[C@@H]1C[C@@H]2C=C[C@H]1C2	0
72	CC(C)NC[C@H](O)COc1ccc(COCCOC(C)C)cc1	1
73	CCc1oc2ccccc2c1C(=O)c1cc(Br)c(O)c(Br)c1	0
74	C[C@]12CC[C@H]3[C@@H](CCC4=CC(=O)C=C[C@@]43C)[C@@H]1CC[C@@H]2O	0
75	CC(C)C[C@@H](NC(=O)[C@@H](Cc1ccccc1)NC(=O)c1cnccn1)B(O)O	1
76	COc1ccccc1Oc1c(NS(=O)(=O)c2ccc(C(C)(C)C)cc2)nc(-c2ncccn2)nc1OCCO	0
77	CCN[C@H]1CN(CCCOC)S(=O)(=O)c2sc(S(N)(=O)=O)cc21	0
78	COc1cc(Br)c2oc(C3CCNCC3)cc2c1	1
79	O=C1CN=C(c2ccccn2)c2cc(Br)ccc2N1	0
80	CC(C)C[C@H]1C(=O)N2CCC[C@H]2[C@]2(O)O[C@](NC(=O)[C@@H]3C=C4c5cccc6[nH]c(Br)c(c56)C[C@H]4N(C)C3)(C(C)C)C(=O)N12	0
81	O=C(CCCN1CCC(O)(c2ccc(Br)cc2)CC1)c1ccc(F)cc1	1
82	Nc1nc(=O)c(Br)c(-c2ccccc2)[nH]1	0
83	Cc1nnc2n1-c1sc(Br)cc1C(c1ccccc1Cl)=NC2	0
84	CCC[C@H]1O[C@@H]2C[C@H]3[C@@H]4CCC5=CC(=O)C=C[C@]5(C)[C@H]4[C@@H](O)C[C@]3(C)[C@]2(C(=O)CO)O1	0
85	CC(C)(C)N1CCC(c2ccccc2)(c2ccccc2)CC1	0
86	COc1cc(OC)c(C(=O)CCCN2CCCC2)c(OC)c1	1
87	CCc1cccc2cc([C@H](O)CNC(C)(C)C)oc12	1
88	CC(C)(C)NC[C@H](O)COc1ccccc1C#N	1
89	CCCCN1CCCC[C@H]1C(=O)Nc1c(C)cccc1C	1
90	Cc1ccc(Cl)c(OC[C@@H](O)CNC(C)(C)C)c1	1
91	CO[C@]12CC[C@@]3(C[C@@H]1[C@](C)(O)C(C)(C)C)[C@H]1Cc4ccc(O)c5c4[C@@]3(CCN1CC1CC1)[C@@H]2O5	1
92	C[C@@H](NC(C)(C)C)C(=O)c1cccc(Cl)c1	0
93	O=C1CC2(CCCC2)CC(=O)N1CCCCN1CCN(c2ncccn2)CC1	1
94	CS(=O)(=O)OCCCCOS(C)(=O)=O	0
95	Cn1c(=O)c2c(ncn2C)n(C)c1=O	1
96	CCOc1nc2cccc(C(=O)O)c2n1Cc1ccc(-c2ccccc2-c2nnn[nH]2)cc1	0
97	CC(C)c1nc(COC(N)=O)n(Cc2ccncc2)c1Sc1cc(Cl)cc(Cl)c1	0
98	C[C@H](CS)C(=O)N1CCC[C@H]1C(=O)O	1
99	NC(=O)N1c2ccccc2C=Cc2ccccc21	1
100	CNC(=O)Oc1cccc2ccccc12	1
101	CCOC(=O)n1ccn(C)c1=S	0
102	CCC[C@@](C)(COC(N)=O)COC(=O)NC(C)C	0
103	CC(C)(C)NC[C@H](O)COc1cccc2c1CCC(=O)N2	1
104	COc1ccccc1OCCNC[C@H](O)COc1cccc2[nH]c3ccccc3c12	1
105	C[C@H](N)C(=O)c1ccccc1	0
106	Cc1ccc(-c2cc(C(F)(F)F)nn2-c2ccc(S(N)(=O)=O)cc2)cc1	1
107	COCc1c(C(C)C)nc(C(C)C)c(/C=C\[C@@H](O)C[C@@H](O)CC(=O)O)c1-c1ccc(F)cc1	0
108	O=C(O)COCCN1CCN([C@H](c2ccccc2)c2ccc(Cl)cc2)CC1	0
109	C[C@H]1O[C@]2(CS1)CN1CCC2CC1	1
110	C[C@H](CCC(=O)O)[C@H]1CC[C@H]2[C@@H]3[C@H](O)C[C@H]4C[C@H](O)CC[C@]4(C)[C@H]3CC[C@]12C	0
111	CC(C)/N=C(N)\N=C(/N)Nc1ccc(Cl)cc1	0
112	ClC(Cl)Cl	1
113	CCN(CC)CCC[C@H](C)Nc1ccnc2cc(Cl)ccc12	1
114	Oc1nc2cc(Cl)ccc2o1	1
115	CN(C)CC[C@H](c1ccc(Cl)cc1)c1ccccn1	1
116	CCOP(=S)(OCC)Oc1nc(Cl)c(Cl)cc1Cl	1
117	OC(O)C(Cl)(Cl)Cl	0
118	O=C(N[C@H](CO)[C@H](O)c1ccc([N+](=O)[O-])cc1)C(Cl)Cl	0
119	C=C1CC[C@H](O)C/C1=C/C=C1\CCC[C@]2(C)[C@@H]([C@H](C)CCCC(C)C)CC[C@@H]12	0
120	c1ccc(C2(c3ccccc3)C[C@H]2C2=NCCN2)cc1	1
121	COCCOC(=O)C1=C(C)NC(C)=C(C(=O)OC/C=C/c2ccccc2)[C@H]1c1cccc([N+](=O)[O-])c1	0
122	CN/C(=N\C#N)NCCSCc1nc[nH]c1C	0
123	C(=C/c1ccccc1)\CN1CCN(C(c2ccccc2)c2ccccc2)CC1	1
124	O=C(O)c1cn(C2CC2)c2cc(N3CCNCC3)c(F)cc2c1=O	0
125	CC(C)(Oc1ccc([C@@H]2CC2(Cl)Cl)cc1)C(=O)O	0
126	COc1cc(N)c(Cl)cc1C(=O)N[C@H]1CCN(CCCOc2ccc(F)cc2)C[C@H]1OC	1
127	CN(C)CCC[C@@]1(c2ccc(F)cc2)OCc2cc(C#N)ccc21	1
128	CC[C@H]1OC(=O)[C@H](C)[C@@H](O[C@H]2C[C@@](C)(OC)[C@@H](O)[C@H](C)O2)[C@H](C)[C@@H](O[C@@H]2O[C@H](C)C[C@H](N(C)C)[C@H]2O)[C@](C)(OC)C[C@@H](C)C(=O)[C@H](C)[C@@H](O)[C@]1(C)O	0
129	CNC1=Nc2ccc(Cl)cc2C(c2ccccc2)=[N+]([O-])C1	0
130	CN1CCC[C@@H]1CCO[C@](C)(c1ccccc1)c1ccc(Cl)cc1	0
131	CCC[C@@H]1C[C@H](C(=O)N[C@@H]([C@H]2O[C@H](SC)[C@H](O)[C@@H](O)[C@H]2O)[C@H](C)Cl)N(C)C1	0
132	CC(C)/N=c1/cc2n(-c3ccc(Cl)cc3)c3ccccc3nc-2cc1Nc1ccc(Cl)cc1	0
133	CC(C)(Oc1ccc(Cl)cc1)C(=O)O	0
134	CCOC(=O)C(C)(C)Oc1ccc(Cl)cc1	0
135	Cc1ncsc1CCCl	0
136	CN(C)CCCN1c2ccccc2CCc2ccc(Cl)cc21	1
137	O=C1CN=C(c2ccccc2Cl)c2cc([N+](=O)[O-])ccc2N1	0
138	OCCN1CCN(CC/C=C2/c3ccccc3Sc3ccc(Cl)cc32)CC1	1
139	COC(=O)[C@H](c1ccccc1Cl)N1CCc2sccc2C1	0
140	Clc1ccccc1C(c1ccccc1)(c1ccccc1)n1ccnc1	0
141	CN1CCN(C2=Nc3cc(Cl)ccc3Nc3ccccc32)CC1	1
142	CN(C)CCCN1c2ccccc2Sc2ccc(Cl)cc21	1
143	COC(=O)[C@H]1[C@@H](OC(=O)c2ccccc2)C[C@@H]2CC[C@H]1N2C	0
144	COc1ccc2c3c1O[C@H]1[C@@H](O)C=C[C@H]4[C@@H](C2)N(C)CC[C@@]341	1
145	COc1cc2c(c(OC)c1OC)-c1ccc(OC)c(=O)cc1[C@@H](NC(C)=O)CC2	0
146	C[C@]12C[C@H](O)[C@H]3[C@@H](CCC4=CC(=O)CC[C@@]43C)[C@@H]1CC[C@@H]2C(=O)CO	0
147	C[C@]12CCC(=O)C=C1CC[C@@H]1[C@@H]2C(=O)C[C@@]2(C)[C@H]1CC[C@]2(O)C(=O)CO	0
148	CN1C(=O)CC[C@H]1c1cccnc1	0
149	O=c1ccc2ccccc2o1	0
150	CN(C)CCC=C1c2ccccc2C=Cc2ccccc21	1
151	O=[P@]1(N(CCCl)CCCl)NCCCO1	1
152	CC(=O)[C@@]1(O)CC[C@H]2[C@@H]3C=C(Cl)C4=CC(=O)[C@@H]5C[C@@H]5[C@]4(C)[C@H]3CC[C@@]21C	0
153	CN(C)/N=N\c1[nH]cnc1C(N)=O	0
154	CCN(CC)CCS(=O)(=O)[C@@H]1CCN2C(=O)c3coc(n3)CC(=O)C[C@H](O)C=C(C)C=CCNC(=O)C=C[C@@H](C)[C@@H](C(C)C)OC(=O)[C@@H]12	0
155	C#C[C@]1(O)CC[C@H]2[C@@H]3CCC4=Cc5oncc5C[C@]4(C)[C@H]3CC[C@@]21C	0
156	O=C1CN(/N=C\c2ccc(-c3ccc([N+](=O)[O-])cc3)o2)C(=O)N1	0
157	Nc1ccc(S(=O)(=O)c2ccc(N)cc2)cc1	1
158	COc1cccc2c1C(=O)c1c(O)c3c(c(O)c1C2=O)C[C@@](O)(C(C)=O)C[C@@H]3O[C@H]1C[C@H](N)[C@H](O)[C@H](C)O1	0
159	O=C(O)c1ccc(OCCn2ccnc2)cc1	0
160	N=C(N)N1CCc2ccccc2C1	1
161	CCOC(=O)[C@H](CCc1ccccc1)N[C@@H](C)C(=O)N(CC(=O)O)C1Cc2ccccc2C1	0
162	CC(C)Nc1cccnc1N1CCN(C(=O)c2cc3cc(NS(C)(=O)=O)ccc3[nH]2)CC1	1
163	CNCCC[C@@]1(c2ccc(F)cc2)OCc2cc(C#N)ccc21	1
164	CNCCCN1c2ccccc2CCc2ccccc21	1
165	Clc1ccc2c(c1)CCc1cccnc1C2=C1CCNCC1	0
166	C#C[C@]1(O)CC[C@H]2[C@@H]3CCC4=CCCC[C@@H]4[C@H]3C(=C)C[C@@]21CC	0
167	C[C@@H]1C[C@H]2[C@@H]3CCC4=CC(=O)C=C[C@]4(C)[C@@]3(F)[C@@H](O)C[C@]2(C)[C@@]1(O)C(=O)CO	0
168	CCCCCN(CCCOC)C(=O)[C@@H](CCC(=O)O)NC(=O)c1ccc(Cl)c(Cl)c1	0
169	Cc1cccc([C@H](C)c2c[nH]cn2)c1C	0
170	COc1ccc2c(c1)[C@@]13CCCC[C@H]1[C@@H](C2)N(C)CC3	1
171	CN1C(=O)CN=C(c2ccccc2)c2cc(Cl)ccc21	0
172	O=C(O)Cc1ccccc1Nc1c(Cl)cccc1Cl	0
173	O=c1oc2ccccc2c(O)c1Cc1c(O)c2ccccc2oc1=O	0
174	ClC1=C(Cl)[C@]2(Cl)[C@@H]3[C@@H]4C[C@@H]([C@H]5O[C@@H]45)[C@@H]3[C@@]1(Cl)C2(Cl)Cl	0
175	CCN(CC)C(=O)N1CCN(C)CC1	0
176	CC/C(=C(\CC)c1ccc(O)cc1)c1ccc(O)cc1	0
177	CN1CCN(c2cc3c(cc2F)c(=O)c(C(=O)O)cn3-c2ccc(F)cc2)CC1	0
178	C[C@H]1O[C@@H](O[C@H]2[C@@H](O)C[C@H](O[C@H]3[C@@H](O)C[C@H](O[C@H]4CC[C@@]5(C)[C@H](CC[C@@H]6[C@@H]5CC[C@]5(C)[C@@H](C7=CC(=O)OC7)CC[C@]65O)C4)O[C@@H]3C)O[C@@H]2C)C[C@H](O)[C@@H]1O	0
179	C[C@H]1O[C@@H](O[C@H]2[C@@H](O)C[C@H](O[C@H]3[C@@H](O)C[C@H](O[C@H]4CC[C@@]5(C)[C@H](CC[C@@H]6[C@@H]5C[C@@H](O)[C@]5(C)[C@@H](C7=CC(=O)OC7)CC[C@]65O)C4)O[C@@H]3C)O[C@@H]2C)C[C@H](O)[C@@H]1O	0
180	COc1ccc2c3c1O[C@H]1[C@@H](O)CC[C@H]4[C@@H](C2)N(C)CC[C@@]341	1
181	NNc1nnc(NN)c2ccccc12	0
182	CN1C[C@H](C(=O)N[C@]2(C)O[C@@]3(O)[C@@H]4CCCN4C(=O)[C@H](Cc4ccccc4)N3C2=O)C[C@@H]2c3cccc4[nH]cc(c34)C[C@H]21	0
183	COc1ccc([C@@H]2Sc3ccccc3N(CCN(C)C)C(=O)[C@@H]2OC(C)=O)cc1	1
184	COc1ccc(-c2cc(=O)c3c(O)cc(O[C@@H]4O[C@H](CO[C@@H]5O[C@@H](C)[C@H](O)[C@@H](O)[C@H]5O)[C@@H](O)[C@H](O)[C@H]4O)cc3o2)cc1O	0
185	CN(C)CCOC(c1ccccc1)c1ccccc1	1
186	CCC(C)(C)NC[C@H](O)COc1ccccc1C(=O)CCc1ccccc1	1
187	CC[C@H]1OC(=O)[C@H](C)[C@@H](O[C@H]2C[C@@](C)(OC)[C@@H](O)[C@H](C)O2)[C@H](C)[C@@H](O[C@@H]2O[C@H](C)C[C@H](N(C)C)[C@H]2O)[C@](C)(O)C[C@@H](C)[C@@H]2N[C@@H](COCCOC)O[C@H]([C@H]2C)[C@]1(C)O	0
188	CC(C)N(CC[C@@](C(N)=O)(c1ccccc1)c1ccccn1)C(C)C	0
189	Cc1cc(Cl)c(S(N)(=O)=O)cc1S(N)(=O)=O	0
190	CCN(CC)C(=S)SSC(=S)N(CC)CC	0
191	CS(C)=O	0
192	CN(CCOc1ccc(NS(C)(=O)=O)cc1)CCc1ccc(NS(C)(=O)=O)cc1	0
193	O=C(OC1C[C@@H]2CC3C[C@H](C1)N2CC3=O)c1c[nH]c2ccccc12	1
194	O=c1[nH]c2ccccc2n1CCCN1CCC(n2c(=O)[nH]c3cc(Cl)ccc32)CC1	0
195	COc1cc2c(cc1OC)C(=O)[C@H](CC1CCN(Cc3ccccc3)CC1)C2	1
196	CCN[C@H]1C[C@H](C)S(=O)(=O)c2sc(S(N)(=O)=O)cc21	0
197	CN(C)CC/C=C1/c2ccccc2COc2ccccc21	1
198	COc1cccc2c1C(=O)c1c(O)c3c(c(O)c1C2=O)C[C@@](O)(C(=O)CO)C[C@@H]3O[C@H]1C[C@H](N)[C@H](O)[C@H](C)O1	0
199	C[C@H]1c2cccc(O)c2C(=O)C2=C(O)[C@]3(O)C(=O)C(C(N)=O)=C(O)[C@@H](N(C)C)[C@@H]3[C@@H](O)[C@@H]21	0
200	C[C@]12CCC(=O)C=C1[C@@H]1C[C@@H]1[C@H]1[C@@H]3[C@@H]4C[C@@H]4[C@@]4(CCC(=O)O4)[C@@]3(C)CC[C@@H]12	0
201	C[C@]12C=CC(=O)N[C@@H]1CC[C@@H]1[C@@H]2CC[C@]2(C)[C@@H](C(=O)Nc3cc(C(F)(F)F)ccc3C(F)(F)F)CC[C@@H]12	0
202	CC(C)(C)c1ccc(C(=O)CCCN2CCC(OC(c3ccccc3)c3ccccc3)CC2)cc1	0
203	NC(N)=Nc1nc(CSCC/N=C/NS(=O)(=O)c2ccc(Br)cc2)cs1	0
204	CNC(=O)c1cccc(NCC(=O)NCCc2ccc(OC)c(OC)c2)c1	0
205	Clc1ccc(CO[C@@H](Cn2ccnc2)c2ccc(Cl)cc2Cl)cc1	0
206	O=C1Nc2ccc(Cl)cc2[C@@](C#CC2CC2)(C(F)(F)F)O1	0
207	CC1=C(C(=O)OCCN(Cc2ccccc2)c2ccccc2)[C@H](c2cccc([N+](=O)[O-])c2)C(P2(=O)OCC(C)(C)CO2)=C(C)N1	0
208	CN1CCC[C@@H]1Cc1c[nH]c2ccc(CCS(=O)(=O)c3ccccc3)cc12	0
209	CCOCCn1c(N2CCCN(C)CC2)nc2ccccc21	0
210	CCOCn1c(Cc2ccccc2)c(C(C)C)c(=O)[nH]c1=O	0
211	CCOC(=O)[C@H](CCc1ccccc1)N[C@@H](C)C(=O)N1CCC[C@H]1C(=O)O	0
212	COc1ccc(C(=O)Nc2ccccc2CC[C@H]2CCCCN2C)cc1	1
213	FC(F)OC(F)(F)[C@@H](F)Cl	0
214	CCn1cc(C(=O)O)c(=O)c2cc(F)c(N3CCNCC3)nc21	0
215	CCN(CC)C(=O)/C(C#N)=C\c1cc(O)c(O)c([N+](=O)[O-])c1	0
216	NC1=NC[C@@H]2c3ccccc3Cc3ccccc3N12	1
217	CNC[C@H](O)c1ccc(O)c(O)c1	0
218	COC(=O)[C@@H]1CC2=CC(=O)CC[C@]2(C)[C@@]23O[C@@H]2C[C@@]2(C)[C@@H](CC[C@@]24CCC(=O)O4)[C@H]13	0
219	CCCCc1ncc(/C=C(/Cc2cccs2)C(=O)O)n1Cc1ccc(C(=O)O)cc1	0
220	C[C@H](CO)NC(=O)[C@@H]1C=C2c3cccc4[nH]cc(c34)C[C@H]2N(C)C1	0
221	CN1C[C@H](C(=O)N[C@]2(C)O[C@@]3(O)[C@@H]4CCCN4C(=O)[C@H](Cc4ccccc4)N3C2=O)C=C2c3cccc4[nH]cc(c34)C[C@H]21	0
222	CC[C@H]1OC(=O)[C@H](C)[C@@H](O[C@H]2C[C@@](C)(OC)[C@@H](O)[C@H](C)O2)[C@H](C)[C@@H](O[C@@H]2O[C@H](C)C[C@H](N(C)C)[C@H]2O)[C@](C)(O)C[C@@H](C)C(=O)[C@H](C)[C@@H](O)[C@]1(C)O	0
223	C[C@]12CC[C@@H]3c4ccc(O)cc4CC[C@H]3[C@@H]1CC[C@@H]2O	1
224	C[C@]12CC[C@@H]3c4ccc(O)cc4CC[C@H]3[C@@H]1CCC2=O	0
225	CCc1ccccc1	0
226	C#C[C@]1(O)CC[C@H]2[C@@H]3CCc4cc(O)ccc4[C@H]3CC[C@@]21C	0
227	CC[C@]1(C)CC(=O)NC1=O	0
228	CCN1C(=O)N[C@H](c2ccccc2)C1=O	0
229	CCOc1ccc2c3c1O[C@H]1[C@@H](O)C=C[C@H]4[C@@H](C2)N(C)CC[C@@]341	1
230	CCO	0
231	CCOC(=O)c1cncn1[C@H](C)c1ccccc1	0
232	C#C[C@]1(O)CC[C@H]2[C@@H]3CCC4=CC(=O)CC[C@@H]4[C@H]3C(=C)C[C@@]21CC	0
233	CCc1nn(CCCN2CCN(c3cccc(Cl)c3)CC2)c(=O)n1CC	1
234	COc1cc([C@@H]2c3cc4c(cc3[C@@H](O[C@@H]3O[C@@H]5CO[C@@H](C)O[C@H]5[C@H](O)[C@H]3O)[C@H]3COC(=O)[C@H]23)OCO4)cc(OC)c1O	0
235	Cc1ccc(-c2ncc(Cl)cc2-c2ccc(S(C)(=O)=O)cc2)cn1	1
236	CO[C@H]1C[C@@H]2CC[C@@H](C)[C@@](O)(O2)C(=O)C(=O)N2CCCC[C@H]2C(=O)O[C@H]([C@H](C)C[C@@H]2CC[C@@H](OCCO)[C@H](OC)C2)CC(=O)[C@H](C)C=C(C)[C@@H](O)[C@@H](OC)C(=O)[C@H](C)C[C@H](C)C=CC=CC=C1C	0
237	C=C1C[C@@H]2[C@H](CC[C@]3(C)C(=O)CC[C@@H]23)[C@@]2(C)C=CC(=O)C=C12	0
238	COc1ccc(C(C)C)cc1CN[C@H]1C2CCN(CC2)[C@H]1C(c1ccccc1)c1ccccc1	1
239	N#Cc1ccc([C@H]2CCCc3cncn32)cc1	0
240	NC(N)=Nc1nc(CSCC/C(N)=N\S(N)(=O)=O)cs1	0
241	NC(=O)OCC(COC(N)=O)c1ccccc1	0
242	CCOC(=O)C1=C(C)NC(C)=C(C(=O)OC)[C@@H]1c1cccc(Cl)c1Cl	0
243	CCN[C@H](C)Cc1cccc(C(F)(F)F)c1	1
244	CC(C)OC(=O)C(C)(C)Oc1ccc(C(=O)c2ccc(Cl)cc2)cc1	0
245	CCC(=O)N(c1ccccc1)C1CCN(CCc2ccccc2)CC1	0
246	CC(C)(C(=O)O)c1ccc([C@@H](O)CCCN2CCC(C(O)(c3ccccc3)c3ccccc3)CC2)cc1	0
247	CC(C)(C)NC(=O)[C@H]1CC[C@H]2[C@@H]3CC[C@H]4NC(=O)C=C[C@]4(C)[C@H]3CC[C@]12C	0
248	O=C(NC[C@H]1CCCCN1)c1cc(OCC(F)(F)F)ccc1OCC(F)(F)F	1
249	Cn1cc([S@H](C)=O)c(=O)c2ccc(F)cc21	0
250	Cc1onc(-c2c(F)cccc2Cl)c1C(=O)N[C@@H]1C(=O)N2[C@@H]1SC(C)(C)[C@@H]2C(=O)O	0
251	OC(Cn1cncn1)(Cn1cncn1)c1ccc(F)cc1F	0
252	O=C(O)c1ccccc1Nc1cccc(C(F)(F)F)c1	0
253	Fc1ccc(C(c2ccc(F)cc2)N2CCN(C/C=C/c3ccccc3)CC2)cc1	1
254	CN1C(=O)CN=C(c2ccccc2F)c2cc([N+](=O)[O-])ccc21	0
255	CNCC[C@@H](Oc1ccc(C(F)(F)F)cc1)c1ccccc1	1
256	Fc1cccc2c1O[C@H]1CNC[C@@H]1O2	0
257	CN1CCN(C2=Nc3cc(F)ccc3Cc3ccccc32)CC1	1
258	OCCN1CCN(CCCN2c3ccccc3Sc3ccc(C(F)(F)F)cc32)CC1	1
259	O=c1[nH]cc(F)c(=O)[nH]1	0
260	CCN(CC)CCN1C(=O)CN=C(c2ccccc2F)c2cc(Cl)ccc21	0
261	C[C@@H](C(=O)O)c1ccc(-c2ccccc2)c(F)c1	0
262	CC[C@H]1OC(=O)[C@H](C)[C@@H](O[C@H]2C[C@@](C)(OC)[C@@H](O)[C@H](C)O2)[C@H](C)[C@@H](O[C@@H]2O[C@H](C)C[C@H](N(C)C)[C@H]2O)[C@](C)(O)C[C@](C)(F)C(=O)[C@H](C)[C@@H](O)[C@]1(C)O	0
263	CC(C)C(=O)Nc1ccc([N+](=O)[O-])c(C(F)(F)F)c1	0
264	CCC(=O)O[C@]1(C(=O)SCF)[C@H](C)C[C@H]2[C@@H]3C[C@H](F)C4=CC(=O)C=C[C@]4(C)[C@@]3(F)[C@@H](O)C[C@@]21C	0
265	CC(C)n1c(/C=C\[C@@H](O)C[C@@H](O)CC(=O)O)c(-c2ccc(F)cc2)c2ccccc21	1
266	COCCCC/C(=N/OCCN)c1ccc(C(F)(F)F)cc1	1
267	O=C1NC(c2ccccc2)(c2ccccc2)C(=O)N1COP(=O)(O)O	0
268	CN[C@@H]1CCc2[nH]c3ccc(C(N)=O)cc3c2C1	0
269	Cc1nc2c([nH]1)c(=O)n(C)c(=O)n2Cc1ccco1	0
270	COc1ccc2c3c1O[C@H]1C[C@@H](O)C=C[C@@]31CCN(C)C2	1
271	COc1ccc(CCN(C)CCC[C@@](C#N)(c2cc(OC)c(OC)c(OC)c2)C(C)C)cc1OC	0
272	CC(=O)[C@H]1CC[C@H]2[C@@H]3CC[C@H]4C[C@](C)(O)CC[C@]4(C)[C@H]3CC[C@]12C	0
273	COc1c(N2CCN[C@@H](C)C2)c(F)cc2c(=O)c(C(=O)O)cn(C3CC3)c12	0
274	Cc1ccc(C)c(OCCCC(C)(C)C(=O)O)c1	0
275	CC1(C)CC(=O)N(CCCCN2CCN(c3ncccn3)CC2)C(=O)C1	1
276	C#C[C@]1(O)C=C[C@H]2[C@@H]3CCC4=CC(=O)CC[C@@H]4[C@H]3CC[C@@]21CC	0
277	Cc1ccc(S(=O)(=O)NC(=O)NN2C[C@H]3CCC[C@H]3C2)cc1	0
278	CCC1=C(C)CN(C(=O)NCCc2ccc(S(=O)(=O)NC(=O)NC3CCC(C)CC3)cc2)C1=O	0
279	Cc1cnc(C(=O)NCCc2ccc(S(=O)(=O)NC(=O)NC3CCCCC3)cc2)cn1	0
280	COc1ccc(Cl)cc1C(=O)NCCc1ccc(S(=O)(=O)NC(=O)NC2CCCCC2)cc1	0
281	CN1[C@@H]2CCC[C@H]1CC(NC(=O)c1nn(C)c3ccccc13)C2	0
282	Cc1c(F)c(N2CCN[C@H](C)C2)cc2c1c(=O)c(C(=O)O)cn2C1CC1	0
283	COC1=CC(=O)C[C@@H](C)[C@]12Oc1c(Cl)c(OC)cc(OC)c1C2=O	0
284	N=C(N)N/N=C\c1c(Cl)cccc1Cl	0
285	N=C(N)NC[C@@H]1COc2ccccc2O1	1
286	CCCCN(CCCC)CC[C@H](O)c1cc2c(Cl)cc(Cl)cc2c2cc(C(F)(F)F)ccc12	1
287	O=C(CCCN1CCC(O)(c2ccc(Cl)cc2)CC1)c1ccc(F)cc1	1
288	FC(F)(F)[C@H](Cl)Br	1
289	NNc1nncc2ccccc12	0
290	CN1C(=O)[C@@](C)(C2=CCCCC2)C(=O)N=C1O	0
291	CN1CCCN([C@H](c2ccccc2)c2ccc(Cl)cc2)CC1	0
292	CCN(CCO)CCC[C@H](C)Nc1ccnc2cc(Cl)ccc12	0
293	CC[C@H]1CN2CC[C@H]1C[C@@H]2[C@@H](O)c1ccnc2ccc(OC)cc12	0
294	COc1ccc2c3c1O[C@H]1C(=O)CC[C@H]4[C@@H](C2)N(C)CC[C@]314	1
295	OCCOCCN1CCN([C@H](c2ccccc2)c2ccc(Cl)cc2)CC1	0
296	CC(C)Cc1ccc([C@@H](C)C(=O)O)cc1	0
297	CCCCCCCN(CC)CCC[C@@H](O)c1ccc(NS(C)(=O)=O)cc1	0
298	O=[P@]1(NCCCl)OCCCN1CCCl	0
299	COc1cc(C(C)=O)ccc1OCCCN1CCC(c2noc3cc(F)ccc23)CC1	1
300	Cc1ccc(NC(=O)c2ccc(CN3CCN(C)CC3)cc2)cc1Nc1nccc(-c2cccnc2)n1	0
301	CN(C)CCCN1c2ccccc2CCc2ccccc21	1
302	CC(C)Cn1cnc2c(N)nc3ccccc3c21	0
303	CC(C)(C)NC(=O)[C@@H]1CN(Cc2cccnc2)CCN1C[C@@H](O)C[C@@H](Cc1ccccc1)C(=O)N[C@H]1c2ccccc2C[C@H]1O	1
304	COc1ccc2c(c1)c(CC(=O)O)c(C)n2C(=O)c1ccc(Cl)cc1	0
305	O=C(NC1CCN(CCc2c[nH]c3ccccc23)CC1)c1ccccc1	1
306	CC(C)Oc1ccc2c(=O)c(-c3ccccc3)coc2c1	0
307	CCCCC1=NC2(CCCC2)C(=O)N1Cc1ccc(-c2ccccc2-c2nnn[nH]2)cc1	0
308	CCc1c2c(nc3ccc(OC(=O)N4CCC(N5CCCCC5)CC4)cc13)-c1cc3c(c(=O)n1C2)COC(=O)[C@]3(O)CC	0
309	O=C(O)CCCC/C=C(\c1ccccc1)c1cccnc1	0
310	Clc1ccc([C@@H](Cn2ccnc2)OCc2c(Cl)cccc2Cl)c(Cl)c1	0
311	FC(F)O[C@@H](Cl)C(F)(F)F	0
312	NNC(=O)c1ccncc1	0
313	O=[N+]([O-])O[C@H]1CO[C@H]2[C@@H]1OC[C@H]2O[N+](=O)[O-]	0
314	COC(=O)C1=C(C)NC(C)=C(C(=O)OC(C)C)[C@H]1c1cccc2nonc12	0
315	CC[C@H](C)n1ncn(-c2ccc(N3CCN(c4ccc(OC[C@H]5CO[C@](Cn6cncn6)(c6ccc(Cl)cc6Cl)O5)cc4)CC3)cc2)c1=O	0
316	CO[C@@H]1[C@@H](O[C@@H]2O[C@H](C)[C@@H](O[C@H]3C[C@@](C)(O)[C@@H](OC(=O)CC(C)C)[C@H](C)O3)[C@H](N(C)C)[C@H]2O)[C@@H](CC=O)C[C@@H](C)[C@@H](O)C=CC=CC[C@@H](C)OC(=O)C[C@H]1OC(C)=O	0
317	CN[C@@]1(c2ccccc2Cl)CCCCC1=O	1
318	CC(=O)N1CCN(c2ccc(OC[C@H]3CO[C@](Cn4ccnc4)(c4ccc(Cl)cc4Cl)O3)cc2)CC1	0
319	C[C@@H](C(=O)O)c1cccc(C(=O)c2ccccc2)c1	0
320	C[C@@H](CCc1ccccc1)NC[C@H](O)c1ccc(O)c(C(N)=O)c1	1
321	CCOC(=O)C1=C(C)NC(C)=C(C(=O)OCC)C1c1ccccc1/C=C\C(=O)OC(C)(C)C	0
322	Cc1c(OCC(F)(F)F)ccnc1C[S@@H](=O)c1nc2ccccc2[nH]1	0
323	Cc1oncc1C(=O)Nc1ccc(C(F)(F)F)cc1	0
324	COC(=O)C1=C(C)NC(C)=C(C(=O)OC(C)(C)CN(C)CCC(c2ccccc2)c2ccccc2)[C@H]1c1cccc([N+](=O)[O-])c1	0
325	N#Cc1ccc(C(c2ccc(C#N)cc2)n2cncn2)cc1	0
326	CCCCN1CCCC[C@H]1C(=O)Nc1c(C)cccc1C	0
327	C[C@H]1COc2c(N3CCN(C)CC3)c(F)cc3c(=O)c(C(=O)O)cn1c23	0
328	Clc1cccc([C@H](c2ccc3nc[nH]c3c2)n2ccnc2)c1	0
329	CCN(CC)CC(=O)Nc1c(C)cccc1C	1
330	CN(C)c1ccc([C@H]2C[C@@]3(C)[C@@H](CC[C@@]3(O)/C=C/CO)[C@@H]3CCC4=CC(=O)CCC4=C32)cc1	0
331	CC(=O)NC[C@H]1CN(c2ccc(N3CCOCC3)c(F)c2)C(=O)O1	0
332	N[C@@H](Cc1cc(I)c(Oc2ccc(O)c(I)c2)c(I)c1)C(=O)O	0
333	C[C@@H](O)CCCCn1c(=O)c2c(ncn2C)n(C)c1=O	0
334	CCN(CC)C(=O)N[C@H]1C=C2c3cccc4[nH]cc(c34)C[C@H]2N(C)C1	1
335	c1ccc2cc(COC3CCNCC3)ccc2c1	0
336	CCn1cc(C(=O)O)c(=O)c2cc(F)c(N3CCN[C@H](C)C3)c(F)c21	0
337	O=NN(CCCl)C(=O)NC1CCCCC1	0
338	Cc1cccc(C)c1OCC(=O)N[C@@H](Cc1ccccc1)[C@@H](O)C[C@H](Cc1ccccc1)NC(=O)[C@H](C(C)C)N1CCCNC1=O	0
339	CCOC(=O)N1CCC(=C2c3ccc(Cl)cc3CCc3cccnc32)CC1	1
340	CN1C(C(=O)Nc2ccccn2)=C(O)c2sc(Cl)cc2S1(=O)=O	0
341	CCCCc1nc(Cl)c(CO)n1Cc1ccc(-c2ccccc2-c2nnn[nH]2)cc1	0
342	COC1=CC(=O)O[C@H]1[C@H](O)c1ccccc1Cl	0
343	CC[C@H](C)C(=O)O[C@H]1C[C@@H](C)C=C2C=C[C@H](C)[C@H](CC[C@@H]3C[C@@H](O)CC(=O)O3)[C@H]21	0
344	CCCCN(CCCC)C[C@@H](O)c1cc(Cl)cc2c1-c1ccc(Cl)cc1/C2=C\c1ccc(Cl)cc1	0
345	CCOC(=O)C[C@@H](SP(=S)(OC)OC)C(=O)OCC	0
346	COC(=O)C1=C(C)NC(C)=C(C(=O)OCCN2CCN(C(c3ccccc3)c3ccccc3)CC2)[C@H]1c1cccc([N+](=O)[O-])c1	0
347	CNCCCC12CCC(c3ccccc31)c1ccccc12	1
348	COC(=O)Nc1nc2cc(C(=O)c3ccccc3)ccc2[nH]1	0
349	CN1CCN=C(c2ccccc2)c2cc(Cl)ccc21	0
350	CN(C)CC(Oc1ccccc1)Oc1ccccc1	0
351	CC(=O)[C@@]1(O)CC[C@H]2[C@@H]3C[C@H](C)C4=CC(=O)CC[C@]4(C)[C@H]3CC[C@@]21C	0
352	Cc1cccc(Nc2ccccc2C(=O)O)c1C	0
353	O[C@@H](c1cc(C(F)(F)F)nc2c(C(F)(F)F)cccc12)[C@H]1CCCCN1	0
354	Cc1cnc(NC(=O)C2=C(O)c3ccccc3S(=O)(=O)N2C)s1	0
355	COC(F)(F)C(Cl)Cl	0
356	CCOC(=O)C1(c2ccccc2)CCN(C)CC1	1
357	CC[C@]1(c2ccccc2)NC(=O)N(C)C1=O	0
358	COC(=O)[C@H](c1ccccc1)[C@H]1CCCCN1	0
359	CC[C@]1(c2ccccc2)C(=O)NC(=O)N(C)C1=O	0
360	C[C@H]1C[C@@H]2[C@H]([C@@H](O)C[C@@]3(C)[C@H]2CC[C@]3(O)C(=O)CO)[C@@]2(C)C=CC(=O)C=C12	0
361	c1ccc2c(c1)Sc1ccccc1N2C[C@H]1CN2CCC1CC2	1
362	C#C[C@]1(O)CC[C@H]2[C@@H]3CCc4cc(OC)ccc4[C@H]3CC[C@@]21C	0
363	CN[C@@H](C)Cc1ccccc1	1
364	Cc1ccccc1-n1c(C)nc2ccccc2c1=O	0
365	Cn1ccnc1S	0
366	CNC(=O)Oc1cc(C)c(SC)c(C)c1	1
367	CNC(=O)O/N=C(\C)SC	0
368	COc1c2occc2cc2ccc(=O)oc12	0
369	CCN(CC)CCNC(=O)c1cc(Cl)c(N)cc1OC	1
370	COCCc1ccc(OC[C@@H](O)CNC(C)C)cc1	1
371	Cc1ncc([N+](=O)[O-])n1CCO	0
372	CC(C)(C(=O)c1cccnc1)c1cccnc1	0
373	CC[C@H](C)C(=O)O[C@H]1CCC=C2C=C[C@H](C)[C@H](CC[C@@H]3C[C@@H](O)CC(=O)O3)[C@H]21	0
374	C[C@@H]1CO[C@]2(c3ccccc3Cl)c3cc(Cl)ccc3NC(=O)CN12	0
375	Cc1cccc(C)c1OC[C@@H](C)N	1
376	CN1CCN2c3ccccc3Cc3ccccc3[C@@H]2C1	1
377	COCC(=O)O[C@]1(CCN(C)CCCc2nc3ccccc3[nH]2)CCc2cc(F)ccc2[C@@H]1C(C)C	0
378	Clc1ccc(CO[C@@H](Cn2ccnc2)c2ccc(Cl)cc2Cl)c(Cl)c1	0
379	Cc1ncc2n1-c1ccc(Cl)cc1C(c1ccccc1F)=NC2	0
380	CC#C[C@]1(O)CC[C@H]2[C@@H]3CCC4=CC(=O)CCC4=C3[C@@H](c3ccc(N(C)C)cc3)C[C@@]21C	0
381	CO/N=C\C1=CCCN(C)C1	1
382	CCN(CC)C(=O)[C@]1(c2ccccc2)C[C@@H]1CN	0
383	Cc1cc(-c2ccccc2)nnc1NCCN1CCOCC1	1
384	Nc1cc(N2CCCCC2)nc(N)[n+]1[O-]	0
385	CN1CCN2c3ccccc3Cc3cccnc3[C@@H]2C1	1
386	O=C1c2c(O)ccc(O)c2C(=O)c2c(NCCNCCO)ccc(NCCNCCO)c21	0
387	CN(c1nccc(=O)[nH]1)C1CCN(c2nc3ccccc3n2Cc2ccc(F)cc2)CC1	1
388	O=C(NCCN1CCOCC1)c1ccc(Cl)cc1	0
389	NC(=O)C[S@H](=O)C(c1ccccc1)c1ccccc1	0
390	CCc1c(C)[nH]c2c1C(=O)[C@@H](CN1CCOCC1)CC2	1
391	CC(C)(O)c1ccccc1CC[C@@H](SCC1(CC(=O)O)CC1)c1cccc(/C=C\c2ccc3ccc(Cl)cc3n2)c1	0
392	CCOC(=O)Nc1ccc2c(c1)N(C(=O)CCN1CCOCC1)c1ccccc1S2	0
393	CN1CC[C@]23c4c5ccc(O)c4O[C@H]2[C@@H](O)C=C[C@H]3[C@H]1C5	1
394	CCOc1cc(N)c(Cl)cc1C(=O)NC[C@@H]1CN(Cc2ccc(F)cc2)CCO1	0
395	CCOc1ccc2ccccc2c1C(=O)N[C@@H]1C(=O)N2[C@@H]1SC(C)(C)[C@@H]2C(=O)O	0
396	CCn1cc(C(=O)O)c(=O)c2ccc(C)nc21	0
397	COc1ccc2cc([C@H](C)C(=O)O)ccc2c1	0
398	CC(C)C1CCC(C(=O)N[C@H](Cc2ccccc2)C(=O)O)CC1	0
399	CCc1nn(CCCN2CCN(c3cccc(Cl)c3)CC2)c(=O)n1CCOc1ccccc1	0
400	Cc1cccc(C)c1NC(=O)CN1CCCC1=O	0
401	Cc1c(O)cccc1C(=O)N[C@@H](CSc1ccccc1)[C@H](O)CN1C[C@H]2CCCC[C@H]2C[C@H]1C(=O)NC(C)(C)C	1
402	Cc1ccnc2c1NC(=O)c1cccnc1N2C1CC1	1
403	COC(=O)C1=C(C)NC(C)=C(C(=O)OCCN(C)Cc2ccccc2)[C@H]1c1cccc([N+](=O)[O-])c1	1
404	CN1CCC[C@H]1c1cccnc1	1
405	COC(=O)C1=C(C)NC(C)=C(C(=O)OC)C1c1ccccc1[N+](=O)[O-]	1
406	CCCOCCOC(=O)C1=C(C)NC(C)=C(C(=O)OCCOCCC)C1c1cccc([N+](=O)[O-])c1	0
407	CC1(C)NC(=O)N(c2ccc([N+](=O)[O-])c(C(F)(F)F)c2)C1=O	0
408	COC(=O)C1=C(C#N)NC(C)=C(C(=O)OC(C)C)[C@H]1c1cccc([N+](=O)[O-])c1	0
409	COCCOC(=O)C1=C(C)NC(C)=C(C(=O)OC(C)C)[C@@H]1c1cccc([N+](=O)[O-])c1	0
410	O=[N+]([O-])c1cncn1CCN1CCOCC1	0
411	COC(=O)C1=C(C)NC(C)=C(C(=O)OCC(C)C)[C@H]1c1ccccc1[N+](=O)[O-]	0
412	CCOC(=O)C1=C(C)NC(C)=C(C(=O)OC)[C@@H]1c1cccc([N+](=O)[O-])c1	0
413	O=[N+]([O-])OCC(CO[N+](=O)[O-])O[N+](=O)[O-]	0
414	NN=O	0
415	Fc1ccc(Cn2c(NC3CCNCC3)nc3ccccc32)cc1	0
416	COc1ccc2c3c1O[C@H]1[C@@H](O)C=C[C@H]4[C@@H](C2)NCC[C@@]341	1
417	O=C1CN=C(c2ccccc2)c2cc(Cl)ccc2N1	0
418	C#C[C@]1(O)CC[C@H]2[C@@H]3CCC4=CC(=O)CC[C@@H]4[C@H]3CC[C@@]21C	0
419	CCn1cc(C(=O)O)c(=O)c2cc(F)c(N3CCNCC3)cc21	0
420	NCC[C@@H](Oc1ccc(C(F)(F)F)cc1)c1ccccc1	1
421	C#C[C@]1(O)CC[C@H]2[C@@H]3CCC4=CC(=O)CC[C@@H]4[C@H]3CC[C@@]21CC	0
422	CNCCC=C1c2ccccc2CCc2ccccc21	1
423	C[C@H]1COc2c(N3CCN(C)CC3)c(F)cc3c(=O)c(C(=O)O)cn1c23	0
424	Cc1cc2c(s1)Nc1ccccc1N=C2N1CCN(C)CC1	1
425	CN(C)CC/C=C1\c2ccccc2COc2ccc(CC(=O)O)cc21	0
426	Cc1c(-c2cnccn2)ssc1=S	0
427	O=C(N[C@H]1CCS[C@H]2CCC[C@@H](C(=O)O)N2C1=O)[C@@H](S)Cc1ccccc1	0
428	COc1ccc2nc([S@H](=O)Cc3ncc(C)c(OC)c3C)[nH]c2c1	1
429	CN(C)c1ccc([C@H]2C[C@@]3(C)[C@@H](CC[C@]3(O)CCCO)[C@@H]3CCC4=CC(=O)CCC4=C32)cc1	0
430	Cc1nccn1C[C@H]1CCc2c(c3ccccc3n2C)C1=O	1
431	OCCN1CCN(CCCN2c3ccccc3C=Cc3ccccc32)CC1	1
432	Cc1ccccc1[C@H](OCCN(C)C)c1ccccc1	1
433	CC(C)NC[C@@H]1CCc2cc(CO)c([N+](=O)[O-])cc2N1	0
434	NC(=O)N1c2ccccc2CC(=O)c2ccccc21	0
435	Clc1ccc(CO/N=C(\Cn2ccnc2)c2ccc(Cl)cc2Cl)c(Cl)c1	0
436	CCOC(=O)C1=C(C)NC(C)=C(C(=O)OC)[C@@H]1c1cccc2c1OCO2	0
437	C[C@H](CN(C)C)CN1c2ccccc2S(=O)(=O)c2ccccc21	0
438	C=CCOc1ccccc1OC[C@@H](O)CNC(C)C	0
439	COc1ccc2c3c1O[C@H]1C(=O)CC[C@@]4(O)[C@@H](C2)N(C)CC[C@]314	1
440	CC(=O)O[C@H]1C(=O)[C@@]2(C)[C@H]([C@H](OC(=O)c3ccccc3)[C@]3(O)C[C@H](OC(=O)[C@H](O)[C@@H](NC(=O)c4ccccc4)c4ccccc4)C(C)=C1C3(C)C)[C@]1(OC(C)=O)CO[C@@H]1C[C@@H]2O	0
441	COc1ccnc(C[S@H](=O)c2nc3ccc(OC(F)F)cc3[nH]2)c1OC	0
442	COc1ccc(Cc2nccc3cc(OC)c(OC)cc23)cc1OC	1
443	CCOP(=S)(OCC)Oc1ccc([N+](=O)[O-])cc1	1
444	Cn1c(=O)[nH]c2ncn(C)c2c1=O	0
445	CCC(=O)NS(=O)(=O)c1ccc(-c2c(-c3ccccc3)noc2C)cc1	0
446	C#CCN(C)Cc1ccccc1	0
447	Fc1ccc([C@@H]2CCNC[C@H]2COc2ccc3c(c2)OCO3)cc1	1
448	CCn1cc(C(=O)O)c(=O)c2cc(F)c(N3CCN(C)CC3)cc21	0
449	CC(C)(C)NC[C@H](O)COc1ccccc1C1CCCC1	1
450	N=C(N)c1ccc(OCCCCCOc2ccc(C(=N)N)cc2)cc1	0
451	CC(C)=CCN1CC[C@]2(C)c3cc(O)ccc3C[C@H]1[C@H]2C	1
452	CCC[C@@H](C)C1(CC)C(=O)NC(=O)NC1=O	0
453	CC(=O)CCCCn1c(=O)c2c(ncn2C)n(C)c1=O	0
454	CCCN1C[C@H](CSC)C[C@@H]2c3cccc4[nH]cc(c34)C[C@H]21	0
455	C1CCC(C(C[C@H]2CCCCN2)C2CCCCC2)CC1	1
456	O=C1[C@H]2CCCC[C@H]2C(=O)N1CCCCN1CCN(c2nsc3ccccc23)CC1	1
457	OCCN1CCN(CCCN2c3ccccc3Sc3ccc(Cl)cc32)CC1	1
458	CCOc1ccc(NC(C)=O)cc1	1
459	c1ccc(C2(N3CCCCC3)CCCCC2)cc1	0
460	NC(N)=N/C(N)=N/CCc1ccccc1	1
461	CCC1(c2ccccc2)C(=O)NC(=O)NC1=O	0
462	Oc1ccccc1	0
463	CC[C@H](c1ccccc1)c1c(O)c2ccccc2oc1=O	0
464	CN1C(=O)C[C@@H](c2ccccc2)C1=O	0
465	O=C1NC(=O)C(c2ccccc2)(c2ccccc2)N1	1
466	CCCCC1C(=O)N(c2ccccc2)N(c2ccccc2)C1=O	0
467	CC[C@@H]1C(=O)OC[C@@H]1Cc1cncn1C	0
468	Cc1cccc(C)c1NC(=O)CC12CCCN1CCC2	0
469	COc1ccc(-c2nc3cc(C4=NNC(=O)C[C@H]4C)ccc3[nH]2)cc1	0
470	O=c1[nH]c2ccccc2n1C1CCN(CCCC(c2ccc(F)cc2)c2ccc(F)cc2)CC1	0
471	C[C@H](N/C(=N\C#N)Nc1ccncc1)C(C)(C)C	1
472	CC(C)NC[C@H](O)COc1cccc2[nH]ccc12	1
473	CCc1ccc(CCOc2ccc(C[C@@H]3SC(=O)NC3=O)cc2)nc1	0
474	CCn1cc(C(=O)O)c(=O)c2cnc(N3CCNCC3)nc21	0
475	CN1C(C(=O)Nc2ccccn2)=C(O)c2ccccc2S1(=O)=O	0
476	C#CC[C@]12CCC(=O)C=C1CC[C@@H]1[C@@H]2CC[C@]2(C)C(=O)CC[C@@H]12	0
477	CCCN[C@H]1CCc2nc(N)sc2C1	0
478	COC(=O)C1=C(C)NC(C)=C(C(=O)OC/C=C/c2ccccc2)[C@H]1c1cccc([N+](=O)[O-])c1	0
479	C[C@]12CC[C@H](O)CC1=CC[C@@H]1[C@@H]2CC[C@]2(C)C(=O)CC[C@@H]12	0
480	CC[C@H](C)C(=O)O[C@H]1C[C@H](O)C=C2C=C[C@H](C)[C@H](CC[C@@H](O)C[C@@H](O)CC(=O)O)[C@H]21	0
481	O=C(C1CCCCC1)N1CC(=O)N2CCc3ccccc3[C@H]2C1	1
482	C[C@]12C=CC(=O)C=C1CC[C@@H]1[C@@H]2[C@@H](O)C[C@@]2(C)[C@H]1CC[C@]2(O)C(=O)CO	0
483	C[C@]12C=CC(=O)C=C1CC[C@@H]1[C@@H]2C(=O)C[C@@]2(C)[C@H]1CC[C@]2(O)C(=O)CO	0
484	CC(=O)[C@H]1CC[C@H]2[C@@H]3CC=C4C[C@@H](O)CC[C@]4(C)[C@H]3CC[C@]12C	1
485	COc1cc(N[C@@H](C)CCCN)c2ncccc2c1	1
486	CCC1(c2ccccc2)C(=O)NCNC1=O	0
487	CCCC(C(=O)OCCN(CC)CC)(c1ccccc1)c1ccccc1	0
488	CCCN(CCC)S(=O)(=O)c1ccc(C(=O)O)cc1	0
489	CCN(CC)CCNC(=O)c1ccc(N)cc1	1
490	CC(=O)[C@H]1CC[C@H]2[C@@H]3CCC4=CC(=O)CC[C@]4(C)[C@H]3CC[C@]12C	1
491	CN(C)CCCN1c2ccccc2Sc2ccccc21	1
492	C[C@H](CN1c2ccccc2Sc2ccccc21)N(C)C	1
493	CCCNC[C@H](O)COc1ccccc1C(=O)CCc1ccccc1	1
494	CCCO	0
495	CC(C)c1cccc(C(C)C)c1O	1
496	CCC(=O)O[C@](Cc1ccccc1)(c1ccccc1)[C@H](C)CN(C)C	0
497	CC(C)NC[C@H](O)COc1cccc2ccccc12	1
498	CN1CCCN=C1/C=C\c1cccs1	1
499	COc1ccc(CN(CCN(C)C)c2ccccn2)cc1	0
500	CCc1nc(N)nc(N)c1-c1ccc(Cl)cc1	0
501	O=c1c(O)c(-c2ccc(O)c(O)c2)oc2cc(O)cc(O)c12	0
502	OCCOCCN1CCN(C2=Nc3ccccc3Sc3ccccc32)CC1	1
503	CCN(CC)CCC[C@@H](C)Nc1c2ccc(Cl)cc2nc2ccc(OC)cc12	0
504	CCCN1CCC[C@@H]2Cc3nc(N)ncc3C[C@H]21	0
505	C=C[C@H]1CN2CC[C@H]1C[C@@H]2[C@H](O)c1ccnc2ccc(OC)cc12	0
506	CC[C@@H]1NC(=O)[C@@H](NC(=O)c2ncccc2O)[C@@H](C)OC(=O)[C@H](c2ccccc2)NC(=O)[C@@H]2CC(=O)[C@H](CS[C@@H]3CN4CCC3CC4)CN2C(=O)[C@H](Cc2ccc(N(C)C)cc2)N(C)C(=O)[C@@H]2CCCN2C1=O	0
507	COCCCOc1ccnc(C[S@@H](=O)c2nc3ccccc3[nH]2)c1C	0
508	O=C(c1ccc(OCCN2CCCCC2)cc1)c1c(-c2ccc(O)cc2)sc2cc(O)ccc12	0
509	CN/C(=C\[N+](=O)[O-])NCCSCc1ccc(CN(C)C)o1	1
510	COc1ccccc1OC[C@@H](O)CN1CCN(CC(=O)Nc2c(C)cccc2C)CC1	0
511	O=C(N[C@H](Cc1cc(=O)[nH]c2ccccc12)C(=O)O)c1ccc(Cl)cc1	0
512	CCOc1ccccc1O[C@H](c1ccccc1)[C@H]1CNCCO1	0
513	C[C@@](Cc1ccccc1)(NC(=O)CN)c1ccccc1	0
514	CCN1CCC[C@H]1CNC(=O)c1c(OC)ccc(Br)c1OC	1
515	CCOc1cc(CC(=O)N[C@@H](CC(C)C)c2ccccc2N2CCCCC2)ccc1C(=O)O	0
516	COC(=O)[C@H]1[C@H]2C[C@@H]3c4[nH]c5cc(OC)ccc5c4CCN3C[C@H]2C[C@@H](OC(=O)c2cc(OC)c(OC)c(OC)c2)[C@@H]1OC	0
517	CCOCc1nc2c(N)nc3ccccc3c2n1CC(C)(C)O	0
518	CC1=C(/C=C\C(C)=C/C=C\C(C)=C/C(=O)O)C(C)(C)CCC1	0
519	CO[C@H]1C=CO[C@@]2(C)Oc3c(C)c(O)c4c(c3C2=O)C2=NC3(CCN(CC(C)C)CC3)NC2=C(NC(=O)C(C)=CC=C[C@H](C)[C@H](O)[C@@H](C)[C@@H](O)[C@@H](C)[C@H](OC(C)=O)[C@@H]1C)C4=O	0
520	CO[C@H]1C=CO[C@@]2(C)Oc3c(C)c(O)c4c(O)c(c(/C=N\N5CCN(C)CC5)c(O)c4c3C2=O)NC(=O)C(C)=CC=C[C@H](C)[C@H](O)[C@@H](C)[C@@H](O)[C@@H](C)[C@H](OC(C)=O)[C@H]1C	0
521	CO[C@H]1C=CO[C@@]2(C)Oc3c(C)c(O)c4c(O)c(cc(O)c4c3C2=O)NC(=O)C(C)=CC=C[C@H](C)[C@H](O)[C@@H](C)[C@@H](O)[C@@H](C)[C@H](OC(C)=O)[C@H]1C	0
522	CO[C@H]1C=CO[C@@]2(C)Oc3c(C)c(O)c4c(O)c(c(/C=N\N5CCN(C6CCCC6)CC5)c(O)c4c3C2=O)NC(=O)C(C)=CC=C[C@H](C)[C@H](O)[C@@H](C)[C@@H](O)[C@@H](C)[C@H](OC(C)=O)[C@H]1C	0
523	Nc1nc2ccc(OC(F)(F)F)cc2s1	0
524	Cc1nc2n(c(=O)c1CCN1CCC(c3noc4cc(F)ccc34)CC1)CCCC2	1
525	CC(C)c1nc(CN(C)C(=O)N[C@H](C(=O)N[C@@H](Cc2ccccc2)C[C@H](O)[C@H](Cc2ccccc2)NC(=O)OCc2cncs2)C(C)C)cs1	1
526	CS(=O)(=O)c1ccc(C2=C(c3ccccc3)C(=O)OC2)cc1	0
527	CC[C@@]1(c2ccncc2)CCC(=O)NC1=O	0
528	CCCC(=O)O[C@H]1[C@H](C)O[C@@H](O[C@H]2[C@H](N(C)C)[C@@H](O)[C@H](O[C@H]3[C@@H](CC=O)C[C@@H](C)[C@@H](O)C=CC=CC[C@@H](C)OC(=O)C[C@@H](O)[C@@H]3OC)O[C@@H]2C)C[C@@]1(C)OC(=O)CC	0
529	CCCN(CCC)CCc1cccc2c1CC(=O)N2	0
530	CCCN1CCCC[C@H]1C(=O)Nc1c(C)cccc1C	1
531	CN(C(=O)c1c(O)n(C)c2ccccc2c1=O)c1ccccc1	0
532	CN(CCOc1ccc(C[C@@H]2SC(=O)NC2=O)cc1)c1ccccn1	0
533	CC(C)c1nc(N(C)S(C)(=O)=O)nc(-c2ccc(F)cc2)c1CC[C@@H](O)C[C@@H](O)CC(=O)O	0
534	O=C(CO)NCCCOc1cccc(CN2CCCCC2)c1	0
535	CC[C@H]1OC(=O)[C@H](C)[C@@H](O[C@H]2C[C@@](C)(OC)[C@@H](O)[C@H](C)O2)[C@H](C)[C@@H](O[C@@H]2O[C@H](C)C[C@H](N(C)C)[C@H]2O)[C@](C)(O)C[C@@H](C)/C(=N\OCOCCOC)[C@H](C)[C@@H](O)[C@]1(C)O	0
536	Cc1cncc(CN2CCC(=C3c4ccc(Cl)cc4CCc4cccnc43)CC2)c1	0
537	O=C(O)c1ccccc1O	0
538	OCc1cc([C@H](O)CNCCCCCCOCCCCc2ccccc2)ccc1O	0
539	CC(C)(C)NC(=O)[C@@H]1C[C@@H]2CCCC[C@@H]2CN1C[C@@H](O)[C@H](Cc1ccccc1)NC(=O)[C@H](CC(N)=O)NC(=O)c1ccc2ccccc2n1	1
540	C=CCC1([C@@H](C)CCC)C(=O)NC(=O)NC1=O	0
541	C#CCN(C)[C@@H](C)Cc1ccccc1	1
542	CC1=C(C)C(=O)C([C@@H](CCCCCC(=O)O)c2ccccc2)=C(C)C1=O	0
543	CN[C@H]1CC[C@@H](c2ccc(Cl)c(Cl)c2)c2ccccc21	1
544	O=C1NCCN1CCN1CCC(c2cn(-c3ccc(F)cc3)c3ccc(Cl)cc23)CC1	1
545	FCOC(C(F)(F)F)C(F)(F)F	0
546	CC(C)C[C@H](N(C)C)C1(c2ccc(Cl)cc2)CCC1	0
547	CCCc1nn(C)c2c(=O)nc(-c3cc(S(=O)(=O)N4CCN(C)CC4)ccc3OCC)[nH]c12	1
548	CCC(C)(C)C(=O)O[C@H]1C[C@@H](C)C=C2C=C[C@H](C)[C@H](CC[C@@H]3C[C@@H](O)CC(=O)O3)[C@H]21	0
549	C1CCN2C[C@H]3C[C@H](CN4CCCC[C@@H]34)[C@H]2C1	1
550	CC(=O)S[C@@H]1CC2=CC(=O)CC[C@]2(C)[C@H]2CC[C@@]3(C)[C@@H](CC[C@@]34CCC(=O)O4)[C@H]12	0
551	CC(C)(C)[C@@H](O)/C=C\c1ccc2c(c1)OCO2	0
552	C=Cc1ccccc1	0
553	CCC(=O)N(c1ccccc1)C1(COC)CCN(CCc2cccs2)CC1	0
554	Clc1ccc(CS[C@@H](Cn2ccnc2)c2ccc(Cl)cc2Cl)cc1	0
555	Cc1onc(NS(=O)(=O)c2ccc(N)cc2)c1C	0
556	O=C(O)c1cc(/N=N\c2ccc(S(=O)(=O)Nc3ccccn3)cc2)ccc1O	0
557	Nc1ccc(S(=O)(=O)Nc2ncccn2)cc1	0
558	COc1cc(OC)nc(NS(=O)(=O)c2ccc(N)cc2)n1	0
559	COc1ncnc(NS(=O)(=O)c2ccc(N)cc2)c1OC	0
560	O=C1C(CC[S@@H](=O)c2ccccc2)C(=O)N(c2ccccc2)N1c1ccccc1	0
561	Cc1noc(NS(=O)(=O)c2ccc(N)cc2)c1C	0
562	Cc1ccnc(NS(=O)(=O)c2ccc(N)cc2)n1	0
563	Cc1cc(NS(=O)(=O)c2ccc(N)cc2)no1	0
564	Cc1nnc(NS(=O)(=O)c2ccc(N)cc2)s1	0
565	Nc1ccc(S(N)(=O)=O)cc1	0
566	Nc1ccc(S(=O)(=O)Nc2ccnn2-c2ccccc2)cc1	0
567	Nc1ccc(S(=O)(=O)Nc2ccccn2)cc1	0
568	Cc1onc(NS(=O)(=O)c2ccc(N)cc2)c1C	0
569	CC1=C(CC(=O)O)c2cc(F)ccc2/C1=C\c1ccc([S@@H](C)=O)cc1	0
570	CCN1CCC[C@@H]1CNC(=O)c1cc(S(N)(=O)=O)ccc1OC	0
571	C[C@H](C(=O)O)c1cccc(C(=O)c2cccs2)c1	0
572	Nc1c2c(nc3ccccc13)CCCC2	0
573	C=CC[C@@H]1C=C(C)C[C@H](C)C[C@H](OC)[C@@H]2O[C@](O)(C(=O)C(=O)N3CCCC[C@H]3C(=O)O[C@H](/C(C)=C/[C@@H]3CC[C@@H](O)[C@H](OC)C3)[C@H](C)[C@@H](O)CC1=O)[C@H](C)C[C@@H]2OC	0
574	CN1CC(=O)N2[C@H](c3ccc4c(c3)OCO4)c3[nH]c4ccccc4c3C[C@@H]2C1=O	0
575	CC/C(=C(/c1ccccc1)c1ccc(OCCN(C)C)cc1)c1ccccc1	1
576	CCOc1ccccc1OCCN[C@H](C)Cc1ccc(OC)c(S(N)(=O)=O)c1	1
577	Cc1nc(C)c2c(n1)N(Cc1ccc(-c3ccccc3-c3nnn[nH]3)cc1)C(=O)CC2	0
578	CN(C)S(=O)(=O)CCNC(=O)N(CCCl)N=O	1
579	CCCCOC(=O)C(=O)Nc1cccc(-c2nnn[nH]2)c1	0
580	CC(C)(C)c1cc(C[C@H]2SCNC2=O)cc(C(C)(C)C)c1O	0
581	O=c1[nH]c(=O)n([C@@H]2CCCO2)cc1F	0
582	CCCCC/N=C(\N)N/N=C\c1c[nH]c2ccc(CO)cc12	1
583	CCCc1nc2c(C)cc(-c3nc4ccccc4n3C)cc2n1Cc1ccc(-c2ccccc2C(=O)O)cc1	0
584	CN1C(=O)[C@H](O)N=C(c2ccccc2)c2cc(Cl)ccc21	0
585	COc1cc([C@@H]2c3cc4c(cc3[C@@H](O[C@@H]3O[C@@H]5CO[C@@H](c6cccs6)O[C@H]5[C@H](O)[C@H]3O)[C@H]3COC(=O)[C@H]23)OCO4)cc(OC)c1O	0
586	C[C@H](Cn1cnc2c(N)ncnc21)OCP(=O)(O)O	0
587	CN1C(C(=O)Nc2ccccn2)=C(O)c2sccc2S1(=O)=O	0
588	CN(C/C=C/C#CC(C)(C)C)Cc1cccc2ccccc12	0
589	CC(C)(C)c1ccc([C@H](O)CCCN2CCC(C(O)(c3ccccc3)c3ccccc3)CC2)cc1	1
590	CCN(CC)C(=O)N[C@H]1C[C@@H]2c3cccc4[nH]cc(c34)C[C@H]2N(C)C1	1
591	C[C@]12C=CC(=O)C=C1CC[C@@H]1[C@@H]2CC[C@]2(C)OC(=O)CC[C@@H]12	0
592	C[C@]12CC[C@H]3[C@@H](CCC4=CC(=O)CC[C@@]43C)[C@@H]1CC[C@@H]2O	1
593	CCCCCc1cc(O)c2c(c1)OC(C)(C)[C@@H]1CCC(C)=C[C@@H]21	0
594	CN(C)[C@@H]1C(O)=C(C(N)=O)C(=O)[C@@]2(O)C(O)=C3C(=O)c4c(O)cccc4[C@@](C)(O)[C@H]3C[C@@H]12	0
595	COc1ccccc1Oc1c(NS(=O)(=O)c2ccc(C(C)C)cn2)nc(-c2ccnc(-c3nn[nH]n3)c2)nc1OCCO	0
596	CN1CCN(CCCN2c3ccccc3Sc3ccc(C(F)(F)F)cc32)CC1	0
597	O=C1CC[C@H](N2C(=O)c3ccccc3C2=O)C(=O)N1	0
598	Cn1cnc2c1c(=O)[nH]c(=O)n2C	0
599	Cn1c(=O)c2[nH]cnc2n(C)c1=O	1
600	c1ccc2[nH]c(-c3cscn3)nc2c1	0
601	CSc1ccc2c(c1)N(CC[C@@H]1CCCCN1C)c1ccccc1S2	1
602	S=P(N1CC1)(N1CC1)N1CC1	0
603	CN1CCN(CC/C=C2\c3ccccc3Sc3ccc(S(=O)(=O)N(C)C)cc32)CC1	0
604	Cc1ccsc1C(=CCCN1CCC[C@@H](C(=O)O)C1)c1sccc1C	1
605	O=C(Cn1c(=O)sc2ccc(Cl)cc21)N1CCN(CCO)CC1	0
606	Clc1ccccc1CN1CCc2sccc2C1	0
607	O=C(O)COc1ccc(C(=O)c2cccs2)c(Cl)c1Cl	0
608	CC(C)(C)NC[C@H](O)COc1nsnc1N1CCOCC1	1
609	O=[S@H](Cc1ccccn1)c1nc2ccccc2[nH]1	0
610	CCS(=O)(=O)CCn1c([N+](=O)[O-])cnc1C	0
611	Clc1ccc([C@@H](Cn2ccnc2)OCc2ccsc2Cl)c(Cl)c1	0
612	CCC[C@@]1(CCc2ccccc2)CC(=O)C([C@H](CC)c2cccc(NS(=O)(=O)c3ccc(C(F)(F)F)cn3)c2)=C(O)O1	0
613	C[C@@H]1C[C@H]2[C@@H]3CCC4=CC(=O)C=C[C@]4(C)C3=CC[C@]2(C)[C@H]1C(=O)CN1CCN(c2cc(N3CCCC3)nc(N3CCCC3)n2)CC1	0
614	Cc1cccc(C)c1NC(=O)[C@H](C)N	0
615	CCCCNC(=O)NS(=O)(=O)c1ccc(C)cc1	0
616	Cc1ccc(C(=O)c2cc(O)c(O)c([N+](=O)[O-])c2)cc1	0
617	Cc1ccc(C(=O)[C@H](C)CN2CCCCC2)cc1	1
618	Cc1ccc(O)c([C@@H](CCN(C(C)C)C(C)C)c2ccccc2)c1	1
619	Cc1ccccc1	0
620	CNCC[C@@H](Oc1ccccc1C)c1ccccc1	1
621	CC1(C)O[C@@H]2[C@@H](CO[C@@]3(COS(N)(=O)=O)OC(C)(C)O[C@@H]23)O1	0
622	CN(C)CCOc1ccc(/C(=C(\CCCl)c2ccccc2)c2ccccc2)cc1	0
623	Cc1cccc(Nc2ccncc2S(=O)(=O)NC(=O)NC(C)C)c1	0
624	COc1cccc([C@@]2(O)CCCC[C@@H]2CN(C)C)c1	1
625	N[C@@H]1C[C@H]1c1ccccc1	0
626	CCN(CC)c1cc(C)nc2ncnn12	0
627	O=c1n(CCCN2CCN(c3cccc(Cl)c3)CC2)nc2ccccn12	1
628	Cc1nnc2n1-c1ccc(Cl)cc1C(c1ccccc1Cl)=NC2	0
629	ClC=C(Cl)Cl	0
630	O=C(CCCN1CCC(O)(c2cccc(C(F)(F)F)c2)CC1)c1ccc(F)cc1	1
631	CN1C(=O)OC(C)(C)C1=O	0
632	COc1cc(NCc2ccc3nc(N)nc(N)c3c2C)cc(OC)c1OC	0
633	C[C@H](CN(C)C)CN1c2ccccc2CCc2ccccc21	1
634	COc1ccc(CN2CCNCC2)c(OC)c1OC	0
635	COc1cc(Cc2cnc(N)nc2N)cc(OC)c1OC	0
636	CN(C)CCN(Cc1ccccc1)c1ccccn1	0
637	Cc1ccc(/C(=C/CN2CCCC2)c2ccccn2)cc1	0
638	O=[P@@]1(N(CCCl)CCCl)OCCCN1CCCl	0
639	Cc1c(C)c2c(c(C)c1O)CC[C@](C)(COc1ccc(C[C@@H]3SC(=O)NC3=O)cc1)O2	1
640	CO[C@H]1C[C@H](O[C@H]2[C@H](C)[C@@H](O[C@@H]3O[C@H](C)C[C@H](N(C)C)[C@H]3OC(C)=O)[C@@H](C)C[C@]3(CO3)C(=O)[C@H](C)[C@@H](OC(C)=O)[C@@H](C)[C@@H](C)OC(=O)[C@@H]2C)O[C@@H](C)[C@@H]1OC(C)=O	0
641	CN1[C@@H]2CC[C@H]1CC(OC(=O)c1c[nH]c3ccccc13)C2	1
642	Cc1onc(-c2ccccc2)c1-c1ccc(S(N)(=O)=O)cc1	1
643	CCCC(CCC)C(=O)O	0
644	CCCCC(=O)N(Cc1ccc(-c2ccccc2-c2nnn[nH]2)cc1)[C@H](C(=O)O)C(C)C	0
645	C/C=C/C[C@@H](C)C(=O)[C@H]1C(=O)N[C@@H](C(C)C)C(=O)N(C)CC(=O)N(C)[C@@H](CC(C)C)C(=O)N[C@H](C(C)C)C(=O)N(C)[C@@H](CC(C)C)C(=O)N[C@@H](C)C(=O)N[C@H](C)C(=O)N(C)[C@@H](CC(C)C)C(=O)N(C)[C@@H](CC(C)C)C(=O)N(C)[C@@H](C(C)C)C(=O)N1C	0
646	COc1ccc([C@H](CN(C)C)C2(O)CCCCC2)cc1	1
647	COc1ccc(C(=O)N2CCN(c3ccc4c(c3)CCC(=O)N4)CC2)cc1OC	0
648	CC[C@]1(O)C[C@H]2CN(CCc3c([nH]c4ccccc34)[C@@](C(=O)OC)(c3cc4c(cc3OC)N(C)[C@H]3[C@@](O)(C(=O)OC)[C@H](OC(C)=O)[C@]5(CC)C=CCN6CC[C@]43[C@@H]65)C2)C1	0
649	CC[C@]1(O)C[C@H]2CN(CCc3c([nH]c4ccccc34)[C@@](C(=O)OC)(c3cc4c(cc3OC)N(C=O)[C@H]3[C@@](O)(C(=O)OC)[C@H](OC(C)=O)[C@]5(CC)C=CCN6CC[C@]43[C@@H]65)C2)C1	0
650	CC[C@]1(O)C[C@H]2CN(CCc3c([nH]c4ccccc34)[C@@](C(=O)OC)(c3cc4c(cc3OC)N(C)[C@H]3[C@@](O)(C(N)=O)[C@H](O)[C@]5(CC)C=CCN6CC[C@]43[C@@H]65)C2)C1	0
651	CCC1=C[C@@H]2CN(C1)Cc1c([nH]c3ccccc13)[C@@](C(=O)OC)(c1cc3c(cc1OC)N(C)[C@H]1[C@@](O)(C(=O)OC)[C@H](OC(C)=O)[C@]4(CC)C=CCN5CC[C@]31[C@@H]54)C2	1
652	C[C@@H](c1ncncc1F)[C@](O)(Cn1cncn1)c1ccc(F)cc1F	0
653	Cn1nnc2ccc([C@H](c3ccc(Cl)cc3)n3cncn3)cc21	0
654	CC(=O)C[C@@H](c1ccccc1)c1c(O)c2ccccc2oc1=O	1
655	COC(=O)[C@@H]1[C@H]2C[C@H]3c4[nH]c5ccccc5c4CCN3C[C@@H]2CC[C@@H]1O	1
656	COc1cc(C(=O)NS(=O)(=O)c2ccccc2C)ccc1Cc1cn(C)c2ccc(NC(=O)OC3CCCC3)cc12	0
657	C[C@@H](C(=O)O)c1ccc2c(c1)CC(=O)c1ccccc1S2	0
658	CN1[C@@H]2CC[C@H]1CC(NC(=O)c1cc(Cl)cc3c1OC(C)(C)C3)C2	0
659	C[C@@H](c1cc2ccccc2s1)N(O)C(N)=O	0
660	O=C1Cc2cc(CCN3CCN(c4nsc5ccccc45)CC3)c(Cl)cc2N1	0
661	CN(C)CCc1c[nH]c2ccc(C[C@H]3COC(=O)N3)cc12	0
662	Cc1ccc(-c2nc3ccc(C)cn3c2CC(=O)N(C)C)cc1	1
663	NS(=O)(=O)Cc1noc2ccccc12	0
664	CN1CCN(C(=O)O[C@H]2c3nccnc3C(=O)N2c2ccc(Cl)cn2)CC1	0
665	CN(C)CCOC1=Cc2ccccc2Sc2ccc(Cl)cc21	1
666	Nc1nc2cc(Cl)ccc2o1	0
